"item","aliases"
"Lilo & Stitch","[]"
"Lilo & Stitch 2: Stitch has a Glitch","[]"
"The Origin of Stitch","[]"
"Stitch! The Movie","[]"
"Attack on Titan Vol. 1","[Attack on Titan Vol. 1, Attack on Titan #1]"
"Attack on Titan Vol. 2","[Attack on Titan Vol. 2, Attack on Titan #2]"
"Attack on Titan Vol. 3","[Attack on Titan Vol. 3, Attack on Titan #3]"
"Attack on Titan Vol. 4","[Attack on Titan Vol. 4, Attack on Titan #4]"
"Attack on Titan Vol. 5","[Attack on Titan Vol. 5, Attack on Titan #5]"
"Attack on Titan Vol. 6","[Attack on Titan Vol. 6, Attack on Titan #6]"
"Attack on Titan Vol. 7","[Attack on Titan Vol. 7, Attack on Titan #7]"
"Attack on Titan Vol. 8","[Attack on Titan Vol. 8, Attack on Titan #8]"
"Attack on Titan Vol. 9","[Attack on Titan Vol. 9, Attack on Titan #9]"
"Attack on Titan Vol. 10","[Attack on Titan Vol. 10, Attack on Titan #10]"
"Jack Reacher","[]"
"Jack Reacher : Never Go Back","[Jack Reacher : Never Go Back, Jack Reacher Nover Go Back]"
"The Hobbit","[The Hobbit, The Hobbit or there and back again]"
"The Fellowship of the Ring","[The Fellowship of the ring, The Lord of the Rings]"
"The two Towers","[The Two Towers, The Lord of the Rings]"
"The Return of the King","[The Return of the King, The Lord of the Rings]"
"A Middle English Vocabulary","[]"
"The Adventures of Tom Bombadil","[]"
"Bilbo's Last Song","[]"
"The Silmarillion","[]"
"The Book of Lost Tales 1","[]"
"The Book of Lost Tales 2","[]"
"Mythica: A quest for Heroes","[]"
"Mythica: The Darkspore","[]"
"Mythica: The Necromancer","[]"
"Mythica: The Iron Crown","[]"
"Mythica: The Godslayer","[]"
"Janice Gordon","[]"
"Jean","[]"
"Margo Anderson","[]"
"Marianne Gordon","[]"
"Wanda Miller","[]"
"Naamah","[]"
"Pharaoh’s daughter","[]"
"Zombieland","[]"
"Zombieland: Double Tap","[]"
"Anabelle","[]"
"Anabelle: Creation","[]"
"Anabelle Comes home","[]"
Reuben,"[Reuben,Tribe of Reuben] "
Issachar,"[Issachar, Tribe of Issachar]"
Gad,"[Gad, Tribe of Gad]"
Joseph,"[Joseph, Tribe of Joseph]"
Simeon,"[Simeon, Tribe of Simeon, Simeon the tenth tribe of Israel] "
Zebulun,"[Zebulun, Tribe of Zebulun]"
Asher,"[Asher, Tribe of Asher]"
Levi,"[Levi, Tribe of Levi]"
Dan,"[Dan, Tribe of Dan]"
Benjamin,"[Benjamin, Tribe of Benjamin]"
Judah,"[Judah, Tribe of Judah]"
Naphtali,"[Naphtali, Tribe of Naphtali]"
"Atlantis: The Lost Empire","[]"
"Atlantis: Milo’s Return","[]"
"Alien","[]"
"Aliens","[]"
"Predator","[]"
"Predator 2","[]"
"Alien 3","[]"
"Beverly Hills Cop","[]"
"Beverly Hills Cop II","[]"
"Beverly Hills Cop III","[]"
"Beverly Hills Cop IV","[]"
"Enter the Dragon","[]"
"Game of Death","[]"
"Circle of Iron","[]"
"Golden Gate Girl","[]"
"Fist of Fury","[]"
"The Thunderstorm","[]"
"The Way of the Dragon","[]"
"Game of Death","[]"
"The Orphan","[]"
"City Hunter","[]"
"Margaret Cuomo","[]"
"Andrew Cuomo","[]"
"Maria Cuomo","[]"
"Christopher Cuomo","[Christopher Cuomo, Chris Cuomo]"
"Madeline Cuomo","[]"
"Valarie Adams","[]"
"Lisa Adams","[]"
"Warren Adams","[]"
"Sid Adams Jr.","[]"
"Dirty Harry","[]"
"Magnum Force","[]"
"The Enforcer","[]"
"Sudden Impact","[]"
"The Dead Pool","[]"
"Conrad Hilton Jr.","[]"
"Michael Wildling","[]"
"Mike Todd","[]"
"Eddie Fisher","[]"
"Richard Burton","[]"
"John Warner","[]"
"Larry Fortensky","[]"
"David Rose","[]"
"Vincente Minnelli","[]"
"Sidney Luft","[]"
"Mark Herron","[]"
"Mickey Deans","[]"
"Antony Armstrong-Jones","[Antony Armstrong-Jones, 1st Earl of Snowdon]"
"Raiders of the lost ark","[]"
"The Temple of Doom","[]"
"The Last crusade","[]"
"The Kingdom of the crystal skull","[]"
"Angrezi Medium","[]"
"Blackmail","[]"
"Hindi Medium","[]"
"Talvar","[]"
"Piku","[]"
"Karwaan","[]"
"Puzzle","[]"
"Qarib Qarib Single","[]"
"Hindi Medium","[]"
"Lunchbox","[]"
"Best Scoring","[Best Scoring, Best Scoring Adaptation and Original Song Score, Fiddler on the Roof]"
"Best Original Score","[Best Original Score, Jaws, Start Wars, E.T. the Extra-Terrestrial, Schindler’s List]"
"The Hunt for Red October","[]"
"Patriot Games","[]"
"Clear and Present Danger","[]"
"The Sum of all Fears","[]"
"Jack Ryan: Shadow Recruit","[]"
"Sense and Sensibility","[]"
"Pride and Prejudice","[]"
"Mansfield Park","[]"
"Emma","[]"
"Northanger Abbey","[]"
"Persuasion","[]"
"Lady Susan","[]"
"Love & Friendship","[]"
"The Watsons","[]"
"Sanditon","[]"
"Jane Doe: Vanishing Act","[]"
"Jane Doe: Now You See it Now you don’t","[]"
"Jane Doe:til death do us part","[]"
"Jane Doe: The wrong face","[]"
"Jane Doe: Yes I remember it well","[]"
"Pirates of the Caribbean: The Curse of the Black Pearl (2003)","[Pirates of the Caribbean: The Curse of the Black Pearl (2003), Pirates of the Caribbean: The Curse of the Black Pearl, The Curse of the Black Pearl]"
"Pirates of the Caribbean: Dead Man's Chest (2006)","[Pirates of the Caribbean: Dead Man's Chest (2006), Pirates of the Caribbean: Dead Man's Chest, Dead Man's Chest]"
"Pirates of the Caribbean: At World's End (2007)","[Pirates of the Caribbean: At World's End (2007), Pirates of the Caribbean: At World's End, At World's End]"
"Pirates of the Caribbean: On Stranger Tides (2011)","[Pirates of the Caribbean: On Stranger Tides (2011), Pirates of the Caribbean: On Stranger Tides, On Stranger Tides]"
"Pirates of the Caribbean: Dead Men Tell No Tales (2017)","[Pirates of the Caribbean: Dead Men Tell No Tales (2017), Pirates of the Caribbean: Dead Men Tell No Tales, Dead Men Tell No Tales]"
"Pacific Rim","[]"
"Pacific Rim: Uprising","[]"
"Paul Blart: Mall Cop","[]"
"Paul Blart: Mall Cop II","[]"
"Up in Smoke (1978)","[Up in Smoke (1978), Up in Smoke]"
"Cheech and Chong's Next Movie (1980)","[Cheech and Chong's Next Movie (1980), Cheech and Chong's Next Movie]"
"Nice Dreams (1981)","[Nice Dreams (1981), Nice Dreams]"
"Things Are Tough All Over (1982)","[Things Are Tough All Over (1982), Things Are Tough All Over]"
"Still Smokin (1983)","[Still Smokin (1983), Still Smokin]"
"Cheech & Chong's The Corsican Brothers (1984)","[Cheech & Chong's The Corsican Brothers (1984), Cheech & Chong's The Corsican Brothers]"
"Get Out of My Room (1985)","[Get Out of My Room (1985), Get Out of My Room]"
"Cheech & Chong: Roasted (2008)","[Cheech & Chong: Roasted (2008), Cheech & Chong: Roasted]"
"Cheech & Chong's Animated Movie! (2013)","[Cheech & Chong's Animated Movie! (2013), Cheech & Chong's Animated Movie!]"
"Eddie and the Cruisers","[]"
"Eddie and the Cruisers II: Eddie Lives!","[]"
"Attack on Titan: Crimson Bow and Arrow","[]"
"Attack on Titan: The Wings of Freedom","[]"
"Attack on Titan: The Roar of Awakening","[]"
"Attack on Titan: Chronicle","[]"
"Captain America: The First Avenger","[]"
"Captain America: The Winter Soldier","[]"
"Captain America: Civil War","[]"
"Jennifer Gates","[]"
"Rory Gates","[]"
"Phoebe Gates","[]"
"Donald Trump Jr","[]"
"Eric Trump","[]"
"Ivanka Trump","[]"
"Tiffany Trump","[]"
"Barron Trump","[]"
"Jeffery Jordan","[]"
"Marcus Jordan","[]"
"Jasmine Jordan","[]"
"Victoria Jordan","[]"
"Ysabel Jordan","[]"
"Charles Prince of Wales","[Charles Prince of Wales, Charles]"
"Anne Princess Royal","[Anne Princess Royal, Anne]"
"Prince Andrew Duke of York","[Prince Andrew Duke of York, Andrew, Prince Andrew]"
"Prince Edward Earl of Wessex","[Prince Edward Earl of Wessex, Prince Edward, Edward]"
"Win Wilson","[Win Wilson, Win Harrison Wilson]"
"Sienna Wilson","[Sienna Wilson, Sienna Princess Wilson]"
"Halie Jade Mathers","[Halie Jade Mathers, Halie Jade Scott Mathers, Halie]"
"Aliana Mathers","[Aliana Mathers, Aliana Marie Mathers, Aliana]"
"Stevie Mathers","[Stievie Mathers, Stevie Lain Mathers, Stevie]"
"The Haunted Mansion","[]"
"Dr. Dolittle","[]"
"Norbit","[]"
"Shrek","[]"
"Dreamgirls","[]"
"Trading Places","[]"
"Best Defense","[]"
"Boomerang","[]"
"Vampire in Brooklyn","[]"
"The Nutty Professor","[]"
"G.I. Joe: The Rise of Cobra (2009)","[G.I. Joe: The Rise of Cobra (2009), G.I. Joe: The Rise of Cobra]"
"G.I. Joe: Retaliation (2013)","[G.I. Joe: Retaliation (2013), G.I. Joe: Retaliation]"
"Snake Eyes: G.I. Joe Origins (2021)","[Snake Eyes: G.I. Joe Origins (2021), Snake Eyes: G.I. Joe Origins]"
"G.I. Joe: Ever Vigilant","[]"
"Hannah Montana: The Movie","[]"
"Harry Potter and the Philosopher's Stone (2001)","[Harry Potter and the Philosopher's Stone (2001), Harry Potter and the Philosopher's Stone, the Philosopher's Stone]"
"Harry Potter and the Chamber of Secrets (2002)","[Harry Potter and the Chamber of Secrets (2002), Harry Potter and the Chamber of Secrets, the Chamber of Secrets]"
"Harry Potter and the Prisoner of Azkaban (2004)","[Harry Potter and the Prisoner of Azkaban (2004), Harry Potter and the Prisoner of Azkaban, the Prisoner of Azkaban]"
"Harry Potter and the Goblet of Fire (2005)","[Harry Potter and the Goblet of Fire (2005), Harry Potter and the Goblet of Fire, the Goblet of Fire]"
"Harry Potter and the Order of the Phoenix (2007)","[Harry Potter and the Order of the Phoenix (2007), Harry Potter and the Order of the Phoenix, the Order of the Phoenix]"
"Harry Potter and the Half-Blood Prince (2009)","[Harry Potter and the Half-Blood Prince (2009), Harry Potter and the Half-Blood Prince, the Half-Blood Prince]"
"Harry Potter and the Deathly Hallows – Part 1 (2010)","[Harry Potter and the Deathly Hallows – Part 1 (2010), Harry Potter and the Deathly Hallows – Part 1, the Deathly Hallows – Part 1]"
"Harry Potter and the Deathly Hallows – Part 2 (2011)","[Harry Potter and the Deathly Hallows – Part 2 (2011), Harry Potter and the Deathly Hallows – Part 2, the Deathly Hallows – Part 2]"
"Hilo Book 1: The Boy Who Crashed to Earth","[]"
"Hilo Book 2: Saving the Whole Wide World","[]"
"Hilo Book 3: The Great Big Boom","[]"
"Hilo Book 4: Waking the Monsters","[]"
"Hilo Book 5: Then Everything Went Wrong","[]"
"Hilo Book 6: All the Pieces Fit","[]"
"Hilo Book 7: Gina—The Girl Who Broke the World","[]"
"Hilo Book 8: Gina and the Big Secret":"[]"
"Travis Maldonado","[]"
"Dilon Passage","[]"
"Dr. No (1962)","[Dr. No (1962), Dr. No]"
"From Russia with Love (1963)","[From Russia with Love (1963), From Russia with Love]"
"Goldfinger (1964)","[Goldfinger (1964), Goldfinger]"
"Thunderball (1965)","[Thunderball (1965), Thunderball]"
"You Only Live Twice (1967)","[You Only Live Twice (1967), You Only Live Twice]"
"On Her Majesty's Secret Service (1969)","[On Her Majesty's Secret Service (1969), On Her Majesty's Secret Service]"
"Diamonds Are Forever (1971)","[Diamonds Are Forever (1971), Diamonds Are Forever]"
"Live and Let Die (1973)","[Live and Let Die (1973), Live and Let Die]"
"The Man with the Golden Gun (1974)","[The Man with the Golden Gun (1974), The Man with the Golden Gun]"
"The Spy Who Loved Me (1977)","[The Spy Who Loved Me (1977), The Spy Who Loved Me]"
"Moonraker (1979)","[Moonraker (1979), Moonraker]"
"For Your Eyes Only (1981)","[For Your Eyes Only (1981), For Your Eyes Only]"
"Octopussy (1983)","[Octopussy (1983), Octopussy]"
"A View to a Kill (1985)","[A View to a Kill (1985), A View to a Kill]"
"The Living Daylights (1987)","[The Living Daylights (1987), The Living Daylights]"
"Licence to Kill (1989)","[Licence to Kill (1989), Licence to Kill]"
"GoldenEye (1995)","[GoldenEye (1995), GoldenEye]"
"Tomorrow Never Dies (1997)","[Tomorrow Never Dies (1997), Tomorrow Never Dies]"
"The World Is Not Enough (1999)","[The World Is Not Enough (1999), The World Is Not Enough]"
"Die Another Day (2002)","[Die Another Day (2002), Die Another Day]"
"Casino Royale (2006)","[Casino Royale (2006), Casino Royale]"
"Quantum of Solace (2008)","[Quantum of Solace (2008), Quantum of Solace]"
"Skyfall (2012)","[Skyfall (2012), Skyfall]"
"Spectre (2015)","[Spectre (2015), Spectre]"
"No Time to Die (2021)","[No Time to Die (2021), No Time to Die]"
"Handle with Care","[]"
"House Rules","[]"
"Sing You Home","[]"
"Between the Lines","[]"
"Lone Wolf","[]"
"The Storyteller","[]"
"Leaving Time","[]"
"Off the Page","[]"
"Small Great Things","[]"
"A Spark of Light","[]"
"Joe Dirt","[]"
"Joe Dirt: Beautiful Loser","[]"
"Dark Command","[]"
"Reap the Wild Wind","[]"
"Wake of the Red Witch","[]"
"Fort Apache","[]"
"She Wore a Yellow Ribbon","[]"
"Rio Grande","[]"
"Red River","[]"
"Flying Tigers","[]"
"The Fighting Seabees","[]"
"They Were Expendable","[]"
"John Wick","[]"
"John Wick: Chapter 2","[]"
"John Wick: Chapter 3 – Parabellum","[John Wick: Chapter 3 – Parabellum, John Wick: Chapter 3, Parabellum]"
"John Wick: Chapter 4","[]"
"Sebastian Newton","[]"
"Cashmere Newton","[]"
"Camidas Newton","[]"
"Sovereign-Dior Newton","[]"
"Nevada Musk","[]"
"Xavier Musk","[]"
"Griffin Musk","[]"
"Kai Musk","[]"
"Saxon Musk","[]"
"Damian Musk","[]"
"X AE A-XII Musk","[]"
"Kayden Gaulden","[]"
"Kamiri Gaulden","[]"
"Kacey Gaulden","[]"
"Kentrell Gauden","[]"
"Kodi Capri","[]"
"Armani Gaulden","[]"
"Yarimar Rivera","[]"
"Joe Martin Rivera","[]"
"Alyssa Rivera","[]"
"Kim Possible","[]"
"Fear and Desire","[]"
"Killer's Kiss","[]"
"The Killing","[]"
"Paths of Glory","[]"
"Spartacus","[]"
"Lolita","[]"
"Dr. Stragelove","[]"
"2001: A Space Odyssey","[]"
"A Clockwork Orange","[]"
"Barry Lyndon","[]"
"The Shining","[]"
"Full Metal Jacket","[]"
"Eyes Wide Shut","[]"
"The Burning","[]"
"The Reckoning","[]"
"The Last Girl","[]"
"Left For Dead","[]"
"The Stranger You Know","[]"
"The Kill","[]"
"After the Fire","[]"
"Let the Dead Speak","[]"
"One in Custody","[]"
"Cruel Acts","[]"
"Love Lies Bleeding","[]"
"The Cutting Place","[]"
"Silent Kill","[]"
"Men in Black","[]"
"Men in Black II","[]"
"Men in Black 3","[]"
"Men in Black: International","[]"
"Miss Nelson is Missing","[]"
"Miss Nelson is Back","[]"
"Miss Nelson Has a Field Day","[]"
"Charon","[]"
"Styx","[]"
"Nix","[]"
"Kerberos","[]"
"Hydra","[]"
"Driving Miss Daisy","[]"
"Glory","[]"
"Robin Hood: Prince of Thieves","[]"
"Unforgiven","[]"
"The Shawshank Redemption","[]"
"Attica","[]"
"The Pawnbroker","[]"
"Seven","[]"
"Bruce Almighty","[]"
"Million Dollar Baby","[]"
"Bean","[]"
"Mr. Bean’s Holiday","[]"
"The Chronicles of Narnia: The Lion, the Witch and the Wardrobe","[The Chronicles of Narnia: The Lion, the Witch and the Wardrobe, The Lion, the Witch and the Wardrobe]"
"The Chronicles of Narnia: Prince Caspian","[The Chronicles of Narnia: Prince Caspian, Prince Caspian]"
"The Chronicles of Narnia: The Voyage of the Dawn Treader","[The Chronicles of Narnia: The Voyage of the Dawn Treader, The Voyage of the Dawn Treader]"
"The Mysterious Affair at Styles","[]"
"Peril at End House","[]"
"Death on the Nile","[]"
"And Then There Were None","[]"
"The Secret of Chimneys","[]"
"The Murder of Roger Ackroyd","[]"
"The Big Four","[]"
"The Murder at the Vicarage","[]"
"Murder on the Orient Express","[]"
"Three Act Tragedy","[]"
"The Shining","[]"
"Carrie","[]"
"The Stand","[]"
"The Long Walk","[]"
"Cujo","[]"
"Rage","[]"
"The Dead Zone","[]"
"Firestarter","[]"
"Roadwork","[]"
"The Running Man","[]"
"Aravindha Sametha","[]"
"Jai Lava Kusa","[]"
"Janatha Garage","[]"
"Nannaku Prematho","[]"
"Temper","[]"
"Rio","[]"
"Rio 2","[]"
"Sailor Moon R: The Movie","[]"
"Sailor Moon S: The Movie","[]"
"Sailor Moon SuperS: The Movie","[]"
"Sailor Moon Eternal","[]"
"Elizabeth Washington","[Elizabeth Washington, Betty Washington]"
"Samuel Washington","[]"
"John Washington","[]"
"Charles Washington","[]"
"Mildred Washington","[]"
"Jane Washington","[]"
"Butler Washington","[]"
"Lawrence Washington","[]"
"Augustine Washington Jr.","[]"
"Robert Kennedy","[Robert Kennedy, Bobby Kennedy, Robert F. Kennedy]"
"Joseph Kennedy Jr.","[Joseph Kennedy Jr., Joe Kennedy] "
"Rose Marie Kennedy","[Rose Marie Kennedy, Rosemary Kennedy] "
"Kathleen Kennedy","[Kathleen Kennedy, Kick Kennedy] "
"Eunice Kennedy","[]"
"Patricia Kennedy","[Patricia Kennedy, Pat Kennedy] "
"Jean Kennedy","[]"
"Edward Kennedy","[Edward Kennedy, Ted Kennedy]"
"Maureen Reillette Jackson","[Maureen Reillette Jackson, Maureen Jackson, Rebbie Jackson]"
"Sigmund Esco Jackson","[Sigmund Esco Jackson, Sigmund Jackson, Jackie Jackson]"
"Toriano Adaryll Jackson","[Toriano Adaryll Jackson, Toriano Jackson, Tito Jackson]"
"Jermaine La Jaune Jackson","[]"
"La Toya Yvonne Jackson","[]"
"Marlon David Jackson","[]"
"Brandon David Jackson","[]"
"Steven Randall Jackson","[Steven Randall Jackson, Steven Jackson, Randy Jackson]"
"Janet Damita Jo Jackson","[]"
"JohVonnie Nakia Jeboo Jackson","[]"
"Larry Jordan","[]"
"Roslyn Jordan","[]"
"James Jordan Jr.","[]"
"Deloris Jordan","[]"
"Debra Rodman","[]"
"Kim Rodman","[]"
"Maryanne Trump","[]"
"Fred Trump Jr.","[]"
"Elizabeth Trump","[]"
"Robert Trump","[]"
"Min Geum-jae","[]"
"Slugterra: Eastern Caverns","[]"
"Slugterra: Into the Shadows","[]"
"Slugterra: Return of the Elementals","[]"
"Slugterra: Slug Fu Showdown (Video)","[Slugterra: Slug Fu Showdown (Video), Slugterra: Slug Fu Showdown]"
"Slugterra: Ghoul from Beyond","[]"
"Tammy and the Bachelor","[]"
"Tammy Tell Me True","[]"
"Tammy and the Doctor","[]"
"Tammy and the Millionaire","[]"
"Dina Eastwood","[]"
"Maggie Johnson","[Maggie Johnson, Margaret Neville Johnson]"
"Ivana Zelnickova","[Ivana Zelnickova, Ivana Trump]"
"Marla Maples","[]"
"Melania Knauss","[Melania Knauss, Melania Trump]"
"Zita the Spacegirl","[]"
"The Return of Zita the Spacegirl","[]"
"Legends of Zita the Spacegirl","[]"
"Dragons and Marshmallows","[]"
"Monsters and Mold","[]"
"Merhorses and Bubbles","[]"
"Caterflies and Ice","[]"
"The Pod and the Bog","[]"
"AIIMS Delhi","[]"
"AIIMS Bhopal","[]"
"AIIMS Bhubaneswar","[]"
"AIIMS Jodhpur","[]"
"AIIMS Patna","[]"
"AIIMS Raipur","[]"
"AIIMS Rishikesh","[]"
"AIIMS Raebarely","[]"
"AIIMS Nagpur","[]"
"AIIMS Mangalgiri","[]"
"AIIMS Gorakhpur","[]"
"AIIMS Kalyani","[]"
"AIIMS Bathinda","[]"
"Hawaii","[Hawaii, Hawaiʻi, The Big Island, Hawaii Island, Big Island Hawaii, Island of Hawai‘i, Big Island]"
"Maui","[Maui, The island of Maui]"
"Oahu","[Oahu, O'ahu, Oahu Hawaii, Oʻahu Hawaii]"
"Kauai","[Kauai, Kauaʻi]"
"Molokai","[Molokai, Moloka'i]"
"Lanai","[Lanai, Lānaʻi, Pineapple Island, Lanai Island]"
"Niihau","[Niihau, Niʻihau]"
"Kahoolawe","[Kahoolawe, Kahoʻolawe, Kaho'olawe]"
"Nihoa","[]"
"Necker","[Necker, Necker Island, Mokumanamana]"
"Lance Kaplan","[]"
"Wenjun Zhang","[]"
"Jose Cruz","[]"
"Narsingh Deo","[]"
"Thomas Kailath","[]"
"Gerhard M. Sessler","[]"
"Reimund Gerhard","[]"
"Edward Wolff","[]"
"Anant Madabhushi","[]"
"Jacek Zurada","[]"
"Viti Levu","[]"
"Vanua Levu","[]"
"Taveuni Island","[]"
"Ovalau","[]"
"Rotuma","[]"
"Malolo","[]"
"Wakaya Island","[]"
"Qalito Island","[]"
"Mana Island","[]"
"Beqa Island","[]"
"Greenway Tuggeranont ACT","[]"
"Bennets Green NSW","[]"
"Armidale NSW","[]"
"Blacktown Sydney","[]"
"Auburn Sydney","[]"
"Campbelltown Sydney","[]"
"Bankstoen Sydney","[]"
"Castle Hill Sydney","[]"
"Belrose Sydney","[]"
"Dubbo NSW","[]"
"Cardiff","[]"
"Broadstairs","[]"
"London","[]"
"Cheltenham","[]"
"Leeds","[]"
"Mumbai","[]"
"Nagpur","[]"
"Patna","[]"
"Varanasi","[]"
"Pune","[]"
"Chicago Bulls vs. Cleveland Cavaliers","[]"
"Chicago Bulls vs. Utah Jazz","[]"
"Chicago Bulls vs. Detroit Pistons","[]"
"Chicago Bulls vs. Cleveland Cavaliers","[]"
"Chicago Bulls vs. Atlanta Hawks","[]"
"First Circuit","[First Circuit, First Circuit (Boston), United States Court of Appeals for the First Circuit]"
"Second Circuit","[Second Circuit, Second Circuit (New York City), United States Court of Appeals for the Second Circuit]"
"Third Circuit","[Third Circuit, Third Circuit (Philadelphia), United States Court of Appeals for the Third Circuit]"
"Fourth Circuit","[Fourth Circuit, Fourth Circuit (Richmond), United States Court of Appeals for the Fourth Circuit]"
"Fifth Circuit","[Fifth Circuit, Fifth Circuit (New Orleans), United States Court of Appeals for the Fifth Circuit]"
"Sixth Circuit","[Sixth Circuit, Sixth Circuit (Cincinnati), United States Court of Appeals for the Sixth Circuit]"
"Seventh Circuit","[Seventh Circuit, Seventh Circuit (Chicago), United States Court of Appeals for the Seventh Circuit]"
"Eight Circuit","[Eight Circuit, Eight Circuit (St Louis), United States Court of Appeals for the Eight Circuit]"
"Ninth Circuit","[Ninth Circuit, Ninth Circuit (San Francisco), United States Court of Appeals for the Ninth Circuit]"
"Tenth Circuit","[Tenth Circuit, Tenth Circuit (Denver), United States Court of Appeals for the Tenth Circuit]"
"Eleventh Circuit","[Eleventh Circuit, Eleventh Circuit (Atlanta), United States Court of Appeals for the Eleventh Circuit]"
"Federal Circuit","[Federal Circuit, Federal Circuit (Washington), United States Court of Appeals for the Federal Circuit]"
"United States of America","[United States of America, USA, U S A]"
"England","[]"
"Canada","[]"
"Australia","[]"
"New Zealand","[]"
"Baihetan Dam","[]"
"Baise Dam","[]"
"Lower Baoquan Dam","[]"
"Upper Baoquan Dam","[]"
"Three Gorges Dam","[]"
"Ahai Dam","[]"
"Ankang Dam","[]"
"Baogang Tailings Dam","[]"
"Baozhusi Dam","[Baozhusi Dam, Baozhusi Reservoir, Bailong Lake]"
"Bashan Dam","[]"
"Great Basin","[Great Basin, Great Basin Desert]"
"Mohave","[Mohave, Mohave Desert]"
"Chihuahuan","[Chihuahuan, Chihuahuan Desert]"
"Sonoran","[Sonoran, Sonoran Desert]"
"Integrated Test Range","[Integrated Test Range, Integrated Test Range (ITR), Balasore]"
"Naval Materials research Laboratory","[Naval Materials research Laboratory, Naval Materials research Laboratory (NMRL), Ambernath]"
"Centre for Airborne Systems","[Centre for Airborne Systems, Centre for Airborne Systems (CABS), Bangalore]"
"Centre for Aitificial Intelligence and Robotics","[Centre for Aitificial Intelligence and Robotics, Centre for Aitificial Intelligence and Robotics (CAIR), Bangalore]"
"Aeronautical Development Establishment","[Aeronautical Development Establishment, Aeronautical Development Establishment (ADE), Bangalore]"
"Neil Armstrong","[]"
"Lee Berger","[]"
"Guion Bluford","[]"
"Thomas Cechz","[]"
"Chris Pratt","[]"
Steven Spielberg,"[]"
Marion Barry,"[]"
Ray Suarez,"[]"
Shane Victorino,"[]"
Sanford Bishop,"[]"
"Robert Pace","[]"
"Jean-Jacques Ruest","[]"
"Margaret A. McKenzie","[]"
"Lake Granby","[]"
"Horsetooth Reservoir","[]"
"Blue Mesa Reservoir","[]"
"Dillon Reservoir","[]"
"Chatfield Reservoir","[]"
"Green Mountain Reservoir","[]"
"Lake San Cristobal","[]"
"Shadow Mountain Lake","[]"
"Baptism","[]"
"Confirmation","[]"
"Eucharist","[]"
"Penance","[]"
"Anointing of the SIck","[]"
"Holy Orders","[]"
"Matrimony","[]"
"Soviet occupation zone","[Soviet occupation zone, Sowjetische Besatzungszone, SBZ]"
"French occupation zone","[]"
"British occupation zone","[]"
"US occupation zone","[US occupation zone, American occupation zone in Germany]"
"Jakub Vorácek","[]"
"David Pastrnak","[]"
"Ondrej Palat","[]"
"Tomas Hertl","[]"
"Pavel Zacha","[]"
"Chile","[]"
"Singapore","[]"
"India","[]"
"European Free Trade Association","[European Free Trade Association, Iceland, Liechtenstein, Norway, Switerland]"
"ASEAN","[ASEAN, Brunei, Cambodia, Indonesia, Laos, Lamaysia, Myanmar, Phillipines, Singapore, Thailand, Vietnam]"
"Abingdon Police Jail","[]"
"Washington County Jail","[]"
"Accomack County Jail","[]"
"Alberta WA Police Jail","[]"
"Amherst Police Jail","[]"
"Kazon-Ogla","[]"
"Kazon-Oglamar","[]"
"Kazon-Relora","[]"
"Kazon-Nistrim","[]"
"Kazon-Mostral","[]"
"Kazon-Hobii","[]"
"Kazon-Pommar","[]"
"2009 NBA Finals MVP","[2009 NBA Finals MVP, NBA Finals MVP]"
"2010 NBA Finals MVP","[2010 NBA Finals MVP, NBA Finals MVP]"
"2002 NBA All-Star Game MVP","[2002 NBA All-Star Game MVP, NBA All-Star Game MVP]"
"2007 NBA All-Star Game MVP","[2007 NBA All-Star Game MVP, NBA All-Star Game MVP]"
"2009 NBA All-Star Game MVP","[2009 NBA All-Star Game MVP, NBA All-Star Game MVP]"
"2011 NBA All-Star Game MVP","[2011 NBA All-Star Game MVP, NBA All-Star Game MVP]"
"2008 NBA Most Valuable Player","[2008 NBA Most Valuable Player, NBA Most Valuable Player]"
"Pinacoteca Vaticana","[]"
"Museo Pio-Clementino","[]"
"Collection of Modern Religious Art","[]"
"Museo Chiaramonti","[]"
"Vatican Historical Museum","[]"
"Anseba","[]"
"Debub (South)","[Debub (South), Debub]"
"Debubawi K'eyih Bahri (Southern Red Sea)","[Debubawi K'eyih Bahri (Southern Red Sea),Debubawi K'eyih Bahri]"
"Gash Barka","[]"
"Ma'akel (Central)","[Ma'akel (Central),Ma'akel]"
"Semenawi K'eyih Bahri (Northern Red Sea)","[Semenawi K'eyih Bahri (Northern Red Sea),Semenawi K'eyih Bahri]"
Houston Charlotte,"[Houston Charlotte,Houston]"
North Carolina,"[]"
Minnesota Minneapolis,"[Minnesota Minneapolis,Minnesota,Minneapolis]"
"The Shadow That Snuck Up Too Close","[The Shadow That Snuck Up Too Close, Shinobiyori-sugiru Kage]"
"The Pupil Who is an Extremely Poor Talker","[The Pupil Who is an Extremely Poor Talker, Hanashibeta-sugiru Deshi]"
"The Ninja Who is Too Complicated","[The Ninja Who is Too Complicated, Kojire-sugiru Ninja]"
"Bang Who is Too Overbearing","[Bang Who is Too Overbearing, Gōin-sugiru Bang]"
"The Sisters Who have Too Much Going On","[The Sisters Who have Too Much Going On, Iroiro Ari-sugiru Shimai]"
"The Murder Case That Was Too Impossible","[The Murder Case That Was Too Impossible, Fukanō-sugiru Satsujin Jiken]"
"ultrasonic testing (UT)","[ultrasonic testing (UT), ultrasonic testing, ultrasonic, UT]"
"radiographic testing (RT)","[radiographic testing (RT), radiographic testing, radiographic, RT]"
"electromagnetic testing (ET)","[electromagnetic testing (ET), electromagnetic testing, electromagnetic, ET]"
"magnetic particle testing (MT)","[magnetic particle testing (MT), magnetic particle testing, magnetic particle, MT]"
"liquid penetrant testing (PT)","[liquid penetrant testing (PT), liquid penetrant testing, liquid penetrant, PT]"
"visual testing (VT)","[visual testing (VT), visual testing, VT]"
Gwinnett School of Mathematics Science and Technology,"[Gwinnett School of Mathematics Science and Technology, Gwinnett School of Mathematics]"
North Gwinnett High School,"[]"
Brookwood High School,"[]"
Mill Creek High School,"[]"
Peachtree Ridge High School,"[]"
Parkview High School,"[]"
Grayson High School,"[]"
Dacula High School,"[]"
Archer High School,"[]"
Collins Hill High School,"[]"
Fortis Escorts Heart Institute,"[]"
Apollo Hospital Chennai,"[Apollo Hospital Chennai, Apollo Hospital]"
Apollo Gleneagles Hospital,"[Apollo Gleneagles Hospital, Apollo Gleneagles]"
Shroff Eye Hospital,"[]"
Apollo Hospitals Bangalore,"[Apollo Hospitals Bangalore, Apollo Hospitals]"
Indraprastha Apollo Hospital,"[Indraprastha Apollo Hospital, Indraprastha Apollo]"
Narayana Hrudayalaya Health City,"[Narayana Hrudayalaya Health City, Narayana Hrudayalaya]"
Moolchand Medcity,"[]"
Fortis Mohali Hospital,"[Fortis Mohali Hospital, Fortis Mohali]"
Artemis Health Institute,"[Artemis Health Institute, Artemis Health]"
White belt BJJ,"[White belt BJJ, White belt]"
Blue belt BJJ,"[Blue belt BJJ, Blue belt]"
Purple belt BJJ,"[Purple belt BJJ, Purple belt]"
Brown belt BJJ,"[Brown belt BJJ, Brown belt]"
Black belt BJJ,"[Black belt BJJ, Black belt]"
Red and black belt (7th degree black belt) BJJ,"[Red and black belt (7th degree black belt) BJJ, Red and black belt (7th degree black belt), Red and black belt]"
Red and white belt (8th degree black belt) BJJ,"[Red and white belt (8th degree black belt) BJJ, Red and white belt (8th degree black belt), red and white belt]"
Red belt (9th and 10th degree black belt) BJJ,"[Red belt (9th and 10th degree black belt) BJJ, Red belt (9th and 10th degree black belt), Red belt]"
Art Queen,"[]"
Blueberry Queen,"[]"
Cooking Queen,"[]"
Cupcake Queen,"[]"
Dancing Queen,"[]"
Drama Queen,"[]"
Fashion Queen,"[]"
Fishing Queen,"[]"
Football Queen,"[]"
Green Queen,"[]"
Gymnastics Queen,"[]"
Hoop Queen,"[]"
Party Queen,"[]"
Pirate Queen,"[]"
Robot Queen,"[]"
Rodeo Queen,"[]"
Singing Queen,"[]"
Soccer Queen,"[]"
Spelling Queen,"[]"
Summer Camp Queen,"[]"
Vacation Queen,"[]"
Valentine Queen,"[]"
California Polytechnic State University,"[California Polytechnic State University, California Polytechnic State University San Luis Obispo, San Luis Obispo]"
California State Polytechnic University Pomona,"[California State Polytechnic University Pomona, Pomona]"
San José State University,"[San José State University, San José]"
California State University Long Beach,"[California State University Long Beach, Long Beach]"
California State University Bakersfield,"[California State University Bakersfield, Bakersfield]"
California State University Channel Islands,"[California State University Channel Islands, Channel Islands]"
California State University Chico,"[California State University Chico, Chico State, Chico]"
California State University Dominguez Hills,"[California State University Dominguez Hills, Dominguez Hills]"
California State University East Bay,"[California State University East Bay, East Bay]"
California State University Fresno,"[California State University Fresno, Fresno]"
California State University Fullerton,"[California State University Fullerton, Fullerton]"
California State University Monterey Bay,"[California State University Monterey Bay, Monterey Bay]"
California State University Northridge,"[California State University Northridge, Northridge]"
California State University Sacramento,"[California State University Sacramento, Sacramento]"
California State University San Bernardino,"[California State University San Bernardino, San Bernardino]"
California State University San Marcos,"[California State University San Marcos, San Marcos]"
California State University Stanislaus,"[California State University Stanislaus, Stanislaus]"
California State University Los Angeles,"[California State University Los Angeles, Los Angeles]"
California State Polytechnic University Humboldt,"[California State Polytechnic University Humboldt, Humboldt, Cal Poly Humboldt, Cal Poly]"
San Diego State University,"[San Diego State University, San Diego]"
San Francisco State University,"[San Francisco State University, San Francisco]"
Sonoma State University,"[Sonoma State University, Sonoma]"
California Maritime Academy,"[California Maritime Academy, California State University Maritime Academy, Maritime]"
Northwest Territories,"[]"
Nunavut,"[]"
Yukon,"[]"
Iron Man,[]
The Incredible Hulk,[]
Iron Man 2,[]
Iron Man 3,[]
The Avengers,[]
Avengers: Age of Ultron,[]
Captain America: Civil War,[]
Avengers: Infinity War,[]
Avengers: Endgame,[]
Black Widow,[]
Spider-Man: Homecoming,[]
The Eminem Show,[]
The Marshall Mathers LP,[]
Haleakala,"[Haleakala, East Maui Volcano]"
Hualalai,[]
Aqua Appia,[]
Aqua Anio Vetus,[]
Aqua Marcia,[]
Aqua Tepula,[]
Aqua Julia,[]
Aqua Virgo,[]
Aqua Alsietina,[]
Aqua Anio Novus,[]
Aqua Claudia,[]
Aqua Traiana,[]
Aqua Alexandrina,[]
2nd Fleet,"[2nd Fleet, United States 2nd Fleet, Second Fleet, US 2nd Fleet, United States Second Fleet]"
3rd Fleet,[]
4th FLeet,[]
5th Fleet,[]
6th Fleet,[]
7th Fleet,"[7th Fleet, Seventh Fleet, United States Seventh Fleet]"
10th Fleet,[]
Terminal A,"[Terminal A, Terminal K]"
Terminal B,"[Terminal B, Terminal L]"
Terminal C,"[Terminal C, Terminal M]"
Terminal D,"[Terminal D, Terminal Q]"
Jacob Marley,[]
spirit of Christmas Past,"[Spirit of Christmas Past, Ghost of Christmas Past]"
spirit of Christmas Present,"[Spirit of Christmas Present, Ghost of Christmas Present]"
spirit of Christmas Future,"[spirit of Christmas Future, Ghost of Christmas Yet-to-Come, Ghost of Christmas Future, Spirit of Christmas Yet-to-Come]"
Kylo Ren,"[Kylo Ren, Ben Solo]"
Ap'lek,[]
Cardo,[]
Kuruk,[]
Trudgen,[]
Ushar,[]
Vicrul,[]
Tân Sơn Nhất International Airport,"[Tân Sơn Nhất International Airport, Tân Sơn Nhứt airport, SGN]"
Kyiv International Airport (Zhuliany),"[Kyiv International Airport (Zhuliany), Kyiv Zhuliany International Airport]"
Boryspil International Airport,[]
Sviatoshyn Airfield,[]
Sicilian Mafia,"[Sicilian Mafia, Cosa Nostra]"
Camorra Mafia,"[Camorra Mafia, Campanian Mafia, Camorra]"
Calabrian Mafia,"[Calabrian Mafia, 'Ndrangheta]"
Basilischi,"[Basilischi,Basilicatan Mafia]"
Sacra Corona Unita,"[Sacra Corona Unita, Apulian Mafia]"
Mala del Brenta,"[Mala del Brenta, Mafia Veneta, Mafia del Piovese]"
Banda della Magliana,"[]"
Banda della Comasina and the Turatello Crew,"[Banda della Comasina and the Turatello Crew, Banda della Comasina]"
White Belt,"[White Belt, Shiro-obi]"
Orange Belt,[]
Yellow Belt,[]
Camouflage Belt,[]
Green Belt,[]
Purple Belt,[]
Blue Belt,[]
Brown Belt,"[Brown Belt, Cha-obi]"
Red Belt,"[Red Belt, Aka-obi]"
Black Belt,"[Black Belt, Kuro-obi]"
IIT Madras,[]
IIT Delhi,[]
IIT Bombay,[]
IIT Kanpur,[]
IIT Kharagpur,[]
IIT Roorkee,[]
IIT Guwahati,[]
IIT Hyderabad,[]
IIT Indore,[]
IIT (BHU) Varanasi,[]
IIT Dhanbad,"[]"
IIT Ropar,"[]"
IIT Bhubaneswar,"[]"
IIT Gandhinagar,"[]"
IIT Jodhpur,"[]"
IIT Patna,"[]"
IIT Mandi,"[]"
IIT Palakkad,"[]"
IIT Tirupati,"[]"
IIT Bhilai,"[]"
IIT Dharwad,"[]"
IIT Jammu,"[]"
IIT Goa,"[]"
Kinshasa,"[Kinshasa, Leopoldville]"
Kongo Central,"[Kongo Central, Bas-Congo province]"
Haut-Uele,[]
Kwango,"[Kwango, Kwango Province]"
Tshopo,[]
Kwilu Province,"[Kwilu Province, Kwilu]"
Bas-Uele,[]
Mai-Ndombe Province,[]
Nord-Ubangi,"[Nord-Ubangi, Nord-Ubangi District]"
Mongala,"[Mongala, Mongala District]"
Alabama,[]
Florida,[]
Georgia,[]
Louisiana,[]
Mississippi,[]
South Carolina,[]
Texas,[]
UT Southwestern Medical Center,"[UT Southwestern Medical Center, University of Texas Southwestern Medical Center]"
UNT Health Science Center,"[UNT Health Science Center, University of North Texas Health Science Center]"
Dell Medical School,"[Dell Medical School, Dell Medical School at The University of Texas at Austin]"
Baylor College of Medicine,[]
Texas A&M College of Medicine,"[Texas A&M College of Medicine, Texas A&M University College of Medicine]"
Texas Tech University Health Sciences Center,[]
McGovern Medical School,[]
Paul L. Foster School of Medicine,[]
Long School of Medicine,"[Long School of Medicine, UT Health San Antonio, University of Texas Health Science Center at San Antonio]"
University of Houston College of Medicine,[]
Genesis,"[Genesis, Gen, Book of Genesis]"
Exodus,"[Exodus, Book of Exodus]"
Leviticus,"[Leviticus, Book of Leviticus]"
Numbers,"[Numbers, Book of Numbers]"
Deuteronomy,"[Deuteronomy, Book of Deuteronomy]"
Joshua,"[Joshua, Book of Joshua, The Book of Joshua]"
Matthew,"[Matthew, Gospel of Matthew, Gospel according to Matthew]"
Mark,"[Mark, Gospel of Mark, Gospel according to Mark]"
Luke,"[Luke, Gospel of Luke, Gospel of Saint Luke]"
John,"[John, Gospel of John, The Gospel according to John, Gospel according to John]"
Toronto,[]
Ontario,[]
Logan Utah Temple,[]
St. George Utah Temple,[]
Manti Utah Temple,[]
Salt Lake Temple,"[Salt Lake Temple, Salt Lake LDS Temple, Salt Lake City Temple, Salt Lake City Utah Temple]"
Ephraim Utah Temple,[]
Oquirrh Mountain Utah Temple,[]
Smithfield Utah Temple,[]
Desert Peak Utah Temple,[]
Brigham City Utah Temple,[]
Jordan River Utah Temple,[]
Piano Sonata No. 1 in C major,"[Piano Sonata No. 1 in C major, Piano Sonata No. 1 in C major k. 279]"
Piano Sonata No. 2 in F major,"[Piano Sonata No. 2 in F major, Piano Sonata No. 2 in F major K. 280]"
Piano Sonata No. 3 in B-flat major,"[Piano Sonata No. 3 in B-flat major, Piano Sonata No. 3 in B-flat major K. 281]"
Piano Sonata No. 4 in E-flat major,"[Piano Sonata No. 4 in E-flat major, Piano Sonata No. 4 in E-flat major K. 282]"
Piano Sonata No. 5 in G major,"[Piano Sonata No. 5 in G major, Piano Sonata No. 5 in G major K. 283]"
Piano Sonata No. 6 in D major,"[Piano Sonata No. 6 in D major, Piano Sonata No. 6 in D major K. 284]"
Piano Sonata No. 7 in C major,"[Piano Sonata No. 7 in C major, Piano Sonata No. 7 in C major K. 309]"
Piano Sonata No. 8 in A minor,"[Piano Sonata No. 8 in A minor, Piano Sonata No. 8 in A minor K. 310]"
Piano Sonata No. 9 in D major,"[Piano Sonata No. 9 in D major, Piano Sonata No. 9 in D major K. 311]"
Piano Sonata No. 10 in C major,"[Piano Sonata No. 10 in C major, Piano Sonata No. 10 in C major K. 330]"
Curiosity,[]
Perseverance,[]
Zhurong,[]
Donald Brown,[]
Tyvon Branch,[]
Kendall Reyes,[]
Darius Butler,[]
William Beatty,[]
Matt Peart,[]
Folorunso Fatukasi,"[Folorunso Fatukasi, Folorunso ""Foley"" Ifeyinka Fatukasi]"
Obi Melifonwu,[]
Geremy Davis,[]
Byron Jones,"[Byron Jones, Byron Philip Jones]"
Allegiant Stadium,"[Allegiant Stadium, Las Vegas Dome, Las Vegas NFL Stadium, Las Vegas Raiders Stadium, Raiders Stadium, Vegas NFL Stadium, Las Vegas National Football League Stadium, Las Vegas Stadium]"
Highmark Stadium,"[Highmark Stadium, Rich Stadium, Ralph Wilson Stadium, New Era Field, Bills Stadium, One Bills Drive]"
U.S. Bank Stadium,"[U.S. Bank Stadium, Vikings Stadium, New Minnesota Stadium, US Bank Stadium]"
AT&T Stadium,"[AT&T Stadium, Cowboys Stadium]"
Arrowhead Stadium,[]
Bank of America Stadium,"[Bank of America Stadium, Carolinas Stadium, Ericsson Stadium]"
FedEx Field,"[FedEx Field, Jack Kent Cooke Stadium, Big Jack]"
Empower Field at Mile High,"[Empower Field at Mile High, Invesco Field at Mile High, Sports Authority Field at Mile High, Broncos Stadium at Mile High]"
Gillette Stadium,[]
Ford Field,[]
New South Wales Ombudsman,[]
Ombudsman for the Northern Territory,[]
Ombudsman of South Australia,[]
Ombudsman of Victoria,[]
Ombudsman Western Australia,[]
Queensland Ombudsman,[]
Tasmanian Ombudsman,[]
Energy and Water Ombudsman (New South Wales),"[Energy and Water Ombudsman (New South Wales), EWON, Energy and Water Ombudsman NSW]"
Energy and Water Ombudsman Queensland,"[Energy and Water Ombudsman Queensland, EWOQ]"
Energy and Water Ombudsman (Victoria),"[Energy and Water Ombudsman (Victoria), EWOV]"
Energy and Water Ombudsman Western Australia,[]
Chicago,[]
Oakland,[]
Jacksonville,[]
Anchorage,[]
Washington DC,[]
Atlantic City,[]
Oklahoma City,[]
Seattle,[]
Los Angeles,[]
New York,[]
Fort Loudoun Dam,[]
Watts Bar Dam,[]
Chickamauga Dam,[]
Nickajack Dam,[]
Guntersville Dam,[]
Wheeler Dam,[]
Wilson Dam,[]
Pickwick Landing Dam,[]
Kentucky Dam,[]
Wade Davis,"[Wade Davis, Wade Allen Davis, Wade A. Davis]"
Kwame Harris,[]
David Kopay,"[David Kopay, Dave Kopay, David Marquette Kopay]"
Ray McDonald,[]
Ryan O'Callaghan,"[Ryan O'Callaghan, Ryan Thomas O'Callaghan]"
Jeff Rohrer,[]
Ryan Russell,"[Ryan Russell, Ryan Kamey Russell]"
Roy Simmons,"[Roy Simmons, Roy Franklin Simmons]"
Jerry Smith,[]
Esera Tuaolo,[]
Han Chinese,[]
Uyghurs,[]
Hui,[]
Tibetan,[]
Miao,[]
Zhuang,[]
Nakhi,[]
Bouyei,[]
Manchu,[]
Nanai,[]
Degania Alef,"[Degania Alef, Deganya Alef, Deganyah Alef]"
Sasa,"[Sasa, Kibbutz Sasa, Sassa]"
Gate of the Golan,"[Gate of the Golan, Shaʽar HaGolan]"
Malkia,[]
Ein Gev,[]
Sde Boker,[]
Ein Gedi,[]
Palmachim,[]
Samar,[]
Degania Bet,[]
Bayside Council,"[Bayside Council, Bayside, City of Bayside]"
Camden Council,[]
City of Darwin,[]
City of Brisbane,"[City of Brisbane, Brisbane City Council, Brisbane City]"
City of Ipswich,"[City of Ipswich, Ipswich, Ipswich City]"
City of Adelaide,"[City of Adelaide, Adelaide]"
Tasman,"[Tasman, Tasman Council, Tasman Municipality]"
City of Melbourne,"[City of Melbourne, Melbourne City, Melbourne]"
City of Armadale,"[City of Armadale, Armadale City, Armadale]"
City of South Perth,"[City of South Perth, South Perth]"
Cobar Shire,[]
Mosman Council,"[Mosman Council, Mosman Municipal Council, Mosman Municipality, Municipality of Mosman]"
Municipality of Paddington,[]
Eurobodalla Shire,"[Eurobodalla Shire, Eurobodalla, Shire of Eurobodalla]"
Wollondilly Shire,[]
Wingecarribee Shire,[]
Wentworth Shire,[]
Warrumbungle Shire,[]
Warren Shire,"[Warren Shire, Warren, Warren Council]"
Uralla Shire,[]
Spaghetti,[]
Fusilli,[]
Tortellini,[]
Ravioli,[]
Makkaroni,[]
Linguine,[]
18th Street Gang,"[18th Street Gang, M18, Calle 18, Barrio 18, La18, Pandilla 18]"
Florencia 13,[]
Barrio Azteca,"[Barrio Azteca, Los Aztecas]"
Juggalos,"[Juggalos, Insane Clown Posse]"
Latin Kings,[]
MS-13,[]
The Trinitarios,[]
Pistoleros Latinos,[]
Mexican Mafia,"[Mexican Mafia, La banda ballas, MM]"
Mongols,[]
Vagos Motorcycle Club,"[Vagos Motorcycle Club, Green Nation]"
Wheels of Soul,[]
Indian Agricultural Research Institute,"[Indian Agricultural Research Institute, ICAR-Indian Agricultural Research Institute, ICAR-IARI, IARI, Pusa Institute]"
Indian Veterinary Research Institute,"[Indian Veterinary Research Institute, Imperial Bacteriological Laboratory]"
National Dairy Research Institute,"[National Dairy Research Institute, Imperial Institute of Animal Husbandry and Dairying, Imperial Dairy Institute]"
Central Institute of Fisheries Education,[]
Central Avian Research Institute,"[Central Avian Research Institute, CARI]"
Central Inland Fisheries Research Institute,"[Central Inland Fisheries Research Institute, CIFRI]"
Central Institute of Brackishwater Aquaculture,"[Central Institute of Brackishwater Aquaculture, Central Institute of Brackish Water Aquaculture]"
Central Institute of Agricultural Engineering,[]
Central Institute for Cotton Research,[]
Central Institute of Fisheries Technology,[]
Surprised to be Dead,[]
Koenma Appears,[]
Kuwabara: A Promise Between Men,[]
Requirements for Lovers,[]
Yusuke's Back,[]
Three Monsters,[]
Gouki and Kurama,[]
The Three Eyes of Hiei,[]
The Search Begins,[]
Kuwabara's Spirit Sword,[]
Welcome to PCA,[]
New Roomies,[]
Webcam,[]
Defending Dustbin,[]
Prank Week,[]
Jet-X,[]
The Play,[]
Quinn's Date,[]
Spring Fling,[]
Backpack,[]
Natural Bridge Caverns,[]
Longhorn Caverns,[]
Caverns of Sonora,[]
Inner Space Cavern,[]
Cascade Caverns,[]
Kickapoo Caverns,[]
Colorado Bend State Park Caves,[]
Devil's Sinkhole,[]
Westcave Preserve,[]
Wonder World Park,[]
Bexar County,[]
Tarrant County,[]
Harris County,[]
Fort Bend County,[]
Aransas County,[]
Nueces County,[]
Dallam County,[]
Kleberg County,[]
Dimmit County,[]
Coryell County,[]
Lake Winnebago,[]
Lake Mendota,[]
Petenwell Lake,[]
Lake Monona,[]
Brahmaputra,[]
Indus,[]
Ganges,"[Ganges, Ganga]"
Yamuna,"[Yamuna, Jamna]"
Mahanadi,[]
Godavari,[]
Sutlej,[]
Jhelum,[]
Sabarmati,[]
Chenab,[]
Moon,[]
GOES-16,"[GOES-16, Geostationary Operational Environmental Satellite - R Series, GOES-R]"
GOES-17,"[GOES 17, GOES-S, GOES S]"
NOAA-15,"[NOAA-15, NOAA-K]"
AURA,[]
CALIPSO,"[CALIPSO, Cloud-Aerosol Lidar and Infrared Pathfinder Satellite Observations]"
Himawari-8,[]
Himawari-9,[]
TERRA,"[TERRA, EOS AM-1]"
Global Precipitation Measurement,[]
Washington Care Services,[]
Rainier Rehabilitation,[]
Burien Nursing and Rehabilitation,[]
Avalon Care Center - Pullman,[]
Avamere Transitional Care of Puget Sound,[]
Bailey-Boushay House,[]
Bayview Manor - Seattle,[]
Lisner Louise Dickson Hurthome,[]
Jeanne Jugan Residence,[]
University of Washington Medical Center,[]
Ginger,[]
Hatshepsut,"[Hatshepsut, Hatchepsut]"
Tutankhamen,"[Tutankhamen, Tutankhamon]"
Ramesses II,"[Ramesses II, Ramesses the Great, Rameses, Ramses, Ozymandias]"
Thutmose III,"[Thutmose III, Tuthmosis III, Thothmes]"
Seti I,[]
Meritamen,[]
Ahmose-Nefertari,[]
Ahhotep II,"[Ahhotep II, Aahotep II, Iahhotep II]"
Amenhotep I,[]
Pyramids of Meroe,[]
Pyramids of al-Kurru,[]
Nuri pyramids,[]
Pyramids from Mount Barkal,[]
One Punch,"[One Punch, 1st Punch: One Punch]"
Crab and Job Hunting,"[Crab and Job Hunting, 2nd Punch: Crab and Job Hunting]"
A Dangerous Being,"[A Dangerous Being, 3rd Punch: A Dangerous Being]"
Dark Undergrounders,"[Dark Undergrounders, 4th Punch: Dark Undergrounders]"
Itch Explosion,"[Itch Explosion, 5th Punch: Itch Explosion]"
Saitama,"[Saitama, 6th Punch: Saitama]"
Mysterious Raid,"[Mysterious Raid, 7th Punch: Mysterious Raid]"
You Mean This Guy?,"[You Mean This Guy?, 8th Punch: You Mean This Guy?]"
House of Evolution,"[House of Evolution, 9th Punch: House of Evolution]"
Modern Art,"[Modern Art, 10th Punch: Modern Art]"
Because I could not stop for Death,[]
Hope is the thing with feathers,[]
I'm Nobody! Who are you?,[]
Wild Nights – Wild Nights!,[]
I heard a Fly buzz—when I died,"[I heard a Fly buzz—when I died, I heard a Fly buzz]"
Success is counted sweetest,"[Success is counted sweetest, Success]"
A Bird came down the Walk,"[A Bird came down the Walk, In the Garden]"
I taste a liquor never brewed,[]
I like to see it lap the miles,"[I like to see it lap the miles, The Railway Train]"
there is a pain — so utter,[]
Beaujolais,"[Beaujolais, Beaujolais wine, Beaujolais AOC]"
Haut-Médoc,"[Haut-Médoc, Haut-Medoc AOC]"
Margaux,"[Margaux, Margaux AOC]"
Chablis,"[Chablis, Chablis wine, Chablic AOC]"
Limoux,[]
Champagne,[]
Alsace,"[Alsace, Alsace wine]"
Bordeaux,"[Bordeaux, Bordeaux wine]"
Marcillac,[]
Provence,"[Provence, Provence wine]"
Alabama Fusion Center,[]
Arkansas State Fusion Center,[]
California State Threat Assessment Center,[]
Colorado Information Analysis Center,[]
Connecticut Intelligence Center,[]
Delaware Information and Analysis Center,[]
Florida Fusion Center,[]
Mariana Regional Fusion Center,[]
Hawaii State Fusion Center,[]
Indiana Intelligence Fusion Center,[]
Thai Lotus,[]
Sushi Thai Cary,[]
Thai Spices & Sushi,[]
Koon Nine,[]
Tangerine Cafe,[]
Baan Thai,[]
Thai 54 Restaurant,[]
Noi Thai Cuisine,[]
Bangrak Market,[]
Wild Ginger,[]
Karachi,[]
Peshawar,[]
Faisalabad,[]
Islamabad,[]
Lahore,[]
Rawalpindi,[]
Bahawalpur,[]
Chakwal,[]
Sunstone Winery,[]
Kalyra Winery,[]
Brave & Maiden Estate,[]
Bridlewood Estate Winery,[]
Rusack Winery,[]
Foxen Vineyard and Winery,[]
Barbieri Winery,[]
Stolpman Vineyards,[]
Delta Zeta,[]
Zeta Phi Beta,[]
Zeta Psi,[]
Zeta Tau Alpha,[]
Zeta Beta Tau,[]
Congressional Taiwan Caucus,"[Congressional Taiwan Caucus, Taiwan Caucus]"
Congressional Biodefense Caucus,[]
Congressional Solar Caucus,[]
Congressional Black Caucus Foundation,[]
House Baltic Caucus,[]
Congressional Bike Caucus,[]
Veterinary Medicine Caucus,[]
Congressional Gaming Caucus,[]
2016 Guam Republican caucus,"[2016 Guam Republican caucus, Guam Republican caucus 2016]"
Congressional Arts Caucus,[]
Scott Hall,"[Scott Hall, Big Scott Hall, The Diamond Studd, Razor Ramon, Diamond Studd, Texas Scott, Starship Coyote]"
Kevin Nash,"[Kevin Nash, Diesel, Big Daddy Cool, Big Sexy, Master Blaster Steel, The Master Blaster, Oz, Vinnie Vegas]"
Hulk Hogan,"[Hulk Hogan, Terry Gene Bollea, Terry Bollea, Hollywood Hogan, Terry ""Hulk"" Hogan]"
Ted DiBiase,"[Ted DiBiase, The Million Dollar Man, Ted DiBiase Sr., Theodore Marvin DiBiase]"
The Giant,"[The Giant, Big Show, The Big Show, Paul Donald Wight Jr., Paul Wight]"
nWo Sting,"[nWo Sting, Jeff Farmer]"
Syxx,"[Syxx, X-Pac, The 1-2-3 Kid, Sean Michael Waltman, Sean Waltman]"
Vincent,"[Vincent, Vince McMahon]"
Miss Elizabeth,"[Miss Elizabeth, Elizabeth ann hulett]"
Eric Bischoff,"[Eric Bischoff, Eric Aaron Bischoff]"
Camping,[]
Citizenship in the Community,[]
Citizenship in the Nation,[]
Citizenship in the World,[]
Communications,[]
Cooking,[]
Emergency Preparedness or Lifesaving,[]
Environmental Science or Sustainability,[]
Family Life,[]
First Aid,[]
Personal Fitness,[]
Personal Management,[]
Swimming,[]
Hiking,[]
Cycling,[]
